Workbook

Sheet Cómo usar
A1: MISIÓN PIXEL · SISTEMA DE XP
A2: Reto por puntos de Pixel Burger. Registros desde el 20 de octubre, compras con XP desde el 1 de noviembre, cierre el 18 de noviembre a las 23:59 y premiación el 19 de noviembre en el local.
A4: CÓMO SE USA ESTE ARCHIVO
A5: Texto azul = celdas que se llenan a mano. Celdas grises = fórmulas: no se tocan. Fila amarilla = ejemplo: bórrala antes de empezar.
A6: 1. Jugadores: una fila por persona registrada (se copia del formulario). El ID es #0001, #0002… en orden y nunca se reutiliza.
A7: 2. Movimientos: cada vez que alguien gana XP se agrega UNA fila (fecha y hora, ID, acción, cantidad, quién lo registró). La XP se calcula sola.
A8: 3. Ranking: se actualiza solo. Muestra solo el alias público, nunca el nombre ni el teléfono.
A9: 4. Tabla XP y Logros: aquí se cambian los puntos y las recompensas. Si cambias un valor, todo se recalcula.
A11: EN LA CAJA (cada pedido)
A12: 1. Preguntar: «¿Tienes número de jugador?». Si no lo recuerda, buscarlo por WhatsApp en la hoja Jugadores.
A13: 2. Agregar en Movimientos: «Pedido» (cantidad 1) + «Hamburguesa adicional» (cantidad = hamburguesas extra, máximo 4) + «Bonus Montañera» (cantidad = Montañeras).
A14: 3. Revisar en Jugadores la columna «¿Entregar recompensa?». Si dice Sí, entregarla y actualizar «Nivel entregado».
... A28: Además, cada jugador desbloquea recompensas por nivel (hoja Logros). La XP no se gasta: los niveles se acumulan.

Sheet Ranking
A1: RANKING · MISIÓN PIXEL
A2: Se actualiza solo. Para publicar en Historias: captura solo esta tabla (alias y XP, sin datos personales).
A4: Puesto | B4: Alias | C4: XP | D4: Premio si cerrara hoy | F4: RESUMEN
A5: 1 | B5: =IFERROR(INDEX(Jugadores!$C$2:$C$501,MATCH(A5,Jugadores!$O$2:$O$501,0)),"") | C5: =IFERROR(INDEX(Jugadores!$L$2:$L$501,MATCH(A5,Jugadores!$O$2:$O$501,0)),"") | D5: =IF(B5="","","GTA VI") | F5: Jugadores registrados | G5: =COUNTA(Jugadores!$A$2:$A$501)
A6: 2 | B6: =IFERROR(INDEX(Jugadores!$C$2:$C$501,MATCH(A6,Jugadores!$O$2:$O$501,0)),"") | C6: =IFERROR(INDEX(Jugadores!$L$2:$L$501,MATCH(A6,Jugadores!$O$2:$O$501,0)),"") | D6: =IF(B6="","","2 hamburguesas a elección") | F6: Jugadores que compiten | G6: =COUNTIF(Jugadores!$N$2:$N$501,"Sí")
A7: 3 | B7: =IFERROR(INDEX(Jugadores!$C$2:$C$501,MATCH(A7,Jugadores!$O$2:$O$501,0)),"") | C7: =IFERROR(INDEX(Jugadores!$L$2:$L$501,MATCH(A7,Jugadores!$O$2:$O$501,0)),"") | D7: =IF(B7="","","2 hamburguesas a elección") | F7: XP total entregada | G7: =SUM(Movimientos!$F$2:$F$3001)
A8: 4 | B8: =IFERROR(INDEX(Jugadores!$C$2:$C$501,MATCH(A8,Jugadores!$O$2:$O$501,0)),"") | C8: =IFERROR(INDEX(Jugadores!$L$2:$L$501,MATCH(A8,Jugadores!$O$2:$O$501,0)),"") | D8: =IF(B8="","","1 hamburguesa a elección") | F8: Pedidos con XP | G8: =SUMIF(Movimientos!$D$2:$D$3001,"Pedido",Movimientos!$E$2:$E$3001)
A9: 5 | B9: =IFERROR(INDEX(Jugadores!$C$2:$C$501,MATCH(A9,Jugadores!$O$2:$O$501,0)),"") | C9: =IFERROR(INDEX(Jugadores!$L$2:$L$501,MATCH(A9,Jugadores!$O$2:$O$501,0)),"") | D9: =IF(B9="","","1 hamburguesa a elección") | F9: Hamburguesas registradas | G9: =SUMIF(Movimientos!$D$2:$D$3001,"Pedido",Movimientos!$E$2:$E$3001)+SUMIF(Movimientos!$D$2:$D$3001,"Hamburguesa adicional en el pedido",Movimientos!$E$2:$E$3001)
A10: 6 | B10: =IFERROR(INDEX(Jugadores!$C$2:$C$501,MATCH(A10,Jugadores!$O$2:$O$501,0)),"") | C10: =IFERROR(INDEX(Jugadores!$L$2:$L$501,MATCH(A10,Jugadores!$O$2:$O$501,0)),"") | D10: =IF(B10="","","1 hamburguesa a elección") | F10: Referidos que compraron | G10: =SUMIF(Movimientos!$D$2:$D$3001,"Referido con primer pedido",Movimientos!$E$2:$E$3001)
A11: 7 | B11: =IFERROR(INDEX(Jugadores!$C$2:$C$501,MATCH(A11,Jugadores!$O$2:$O$501,0)),"") | C11: =IFERROR(INDEX(Jugadores!$L$2:$L$501,MATCH(A11,Jugadores!$O$2:$O$501,0)),"") | D11: =IF(B11="","","1 hamburguesa a elección") | F11: Diseños de caja | G11: =SUMIF(Movimientos!$D$2:$D$3001,"Diseño de caja #CajaPixel",Movimientos!$E$2:$E$3001)
A12: 8 | B12: =IFERROR(INDEX(Jugadores!$C$2:$C$501,MATCH(A12,Jugadores!$O$2:$O$501,0)),"") | C12: =IFERROR(INDEX(Jugadores!$L$2:$L$501,MATCH(A12,Jugadores!$O$2:$O$501,0)),"") | D12: =IF(B12="","","1 hamburguesa a elección") | F12: Recompensas por entregar | G12: =COUNTIF(Jugadores!$R$2:$R$501,"Sí*")
A13: 9 | B13: =IFERROR(INDEX(Jugadores!$C$2:$C$501,MATCH(A13,Jugadores!$O$2:$O$501,0)),"") | C13: =IFERROR(INDEX(Jugadores!$L$2:$L$501,MATCH(A13,Jugadores!$O$2:$O$501,0)),"") | D13: =IF(B13="","","1 hamburguesa a elección")
A14: 10 | B14: =IFERROR(INDEX(Jugadores!$C$2:$C$501,MATCH(A14,Jugadores!$O$2:$O$501,0)),"") | C14: =IFERROR(INDEX(Jugadores!$L$2:$L$501,MATCH(A14,Jugadores!$O$2:$O$501,0)),"") | D14: =IF(B14="","","1 hamburguesa a elección")
A15: 11 | B15: =IFERROR(INDEX(Jugadores!$C$2:$C$501,MATCH(A15,Jugadores!$O$2:$O$501,0)),"") | C15: =IFERROR(INDEX(Jugadores!$L$2:$L$501,MATCH(A15,Jugadores!$O$2:$O$501,0)),"")
A16: 12 | B16: =IFERROR(INDEX(Jugadores!$C$2:$C$501,MATCH(A16,Jugadores!$O$2:$O$501,0)),"") | C16: =IFERROR(INDEX(Jugadores!$L$2:$L$501,MATCH(A16,Jugadores!$O$2:$O$501,0)),"")
A17: 13 | B17: =IFERROR(INDEX(Jugadores!$C$2:$C$501,MATCH(A17,Jugadores!$O$2:$O$501,0)),"") | C17: =IFERROR(INDEX(Jugadores!$L$2:$L$501,MATCH(A17,Jugadores!$O$2:$O$501,0)),"")
A18: 14 | B18: =IFERROR(INDEX(Jugadores!$C$2:$C$501,MATCH(A18,Jugadores!$O$2:$O$501,0)),"") | C18: =IFERROR(INDEX(Jugadores!$L$2:$L$501,MATCH(A18,Jugadores!$O$2:$O$501,0)),"")
A19: 15 | B19: =IFERROR(INDEX(Jugadores!$C$2:$C$501,MATCH(A19,Jugadores!$O$2:$O$501,0)),"") | C19: =IFERROR(INDEX(Jugadores!$L$2:$L$501,MATCH(A19,Jugadores!$O$2:$O$501,0)),"")
A20: 16 | B20: =IFERROR(INDEX(Jugadores!$C$2:$C$501,MATCH(A20,Jugadores!$O$2:$O$501,0)),"") | C20: =IFERROR(INDEX(Jugadores!$L$2:$L$501,MATCH(A20,Jugadores!$O$2:$O$501,0)),"")
A21: 17 | B21: =IFERROR(INDEX(Jugadores!$C$2:$C$501,MATCH(A21,Jugadores!$O$2:$O$501,0)),"") | C21: =IFERROR(INDEX(Jugadores!$L$2:$L$501,MATCH(A21,Jugadores!$O$2:$O$501,0)),"")
A22: 18 | B22: =IFERROR(INDEX(Jugadores!$C$2:$C$501,MATCH(A22,Jugadores!$O$2:$O$501,0)),"") | C22: =IFERROR(INDEX(Jugadores!$L$2:$L$501,MATCH(A22,Jugadores!$O$2:$O$501,0)),"")
A23: 19 | B23: =IFERROR(INDEX(Jugadores!$C$2:$C$501,MATCH(A23,Jugadores!$O$2:$O$501,0)),"") | C23: =IFERROR(INDEX(Jugadores!$L$2:$L$501,MATCH(A23,Jugadores!$O$2:$O$501,0)),"")
A24: 20 | B24: =IFERROR(INDEX(Jugadores!$C$2:$C$501,MATCH(A24,Jugadores!$O$2:$O$501,0)),"") | C24: =IFERROR(INDEX(Jugadores!$L$2:$L$501,MATCH(A24,Jugadores!$O$2:$O$501,0)),"")

Sheet Tabla XP
A1: Acción | B1: XP | C1: Límite | D1: Cómo se verifica | E1: Por qué
A2: Registro | B2: 100 | C2: 1 vez por jugador | D2: Formulario completo, mayor de 18, autoriza datos | E2: Entrada al juego
A3: Pedido | B3: 300 | C3: Máximo 1 pedido con XP al día | D3: El cajero anota el ID al cobrar | E3: Premia la frecuencia de compra
A4: Hamburguesa adicional en el pedido | B4: 100 | C4: Máximo 4 por pedido | D4: Mismo ticket del pedido | E4: Sube el ticket sin que el ranking se compre con un solo pedido grande
A5: Bonus Montañera | B5: 50 | C5: Por cada Montañera del pedido | D5: Mismo ticket del pedido | E5: Es la hamburguesa que más margen deja
A6: Foto con Byte publicada | B6: 200 | C6: Máximo 1 por semana | D6: Publicación pública que etiqueta a Pixel Burger | E6: Contenido y alcance en redes
A7: Referido con primer pedido | B7: 400 | C7: Máximo 5 referidos por jugador | D7: El referido escribió este ID al registrarse y ya hizo su primer pedido | E7: Clientes nuevos que sí compran
A8: Diseño de caja #CajaPixel | B8: 300 | C8: Máximo 1 por semana | D8: Foto pública con #CajaPixel o enviada por WhatsApp | E8: Conecta con «No tenemos imagen»
A9: Código del cartel secreto | B9: 150 | C9: Cada código, 1 vez por jugador | D9: El jugador envía el código por WhatsApp | E9: Hace que la gente busque los carteles
A10: Le ganó a Byte | B10: 100 | C10: Máximo 1 al día | D10: Lo confirma el acompañante de Byte | E10: Interacción en la calle
A11: Ajuste del administrador | B11: 1 | C11: Solo el administrador | D11: La nota explica el motivo | E11: Corregir errores o anular trampas: la XP = la cantidad (puede ser negativa)
A12: Recompensa entregada | B12: 0 | C12: Informativo | D12: Nota: qué se entregó | E12: Deja rastro de los premios entregados

Sheet Logros
A1: Nivel | B1: Nombre | C1: XP mínima | D1: Recompensa (1 vez por jugador) | E1: Costo aprox. para Pixel Burger | F1: Equivale más o menos a
A2: 0 | B2: Sin nivel | C2: 0 | D2: — | E2: — | F2: —
A3: 1 | B3: Jugador | C3: 100 | D3: Power-up: salsa extra gratis en el primer pedido | E3: ≈ $200–400 | F3: Registrarse
A4: 2 | B4: Veterano | C4: 1000 | D4: Mejora gratis: Montañera o Cheese al precio de la Clásica | E4: ≈ $1.300–2.200 (la diferencia de costo) | F4: Registro + 3 pedidos
A5: 3 | B5: Élite | C5: 2000 | D5: Una Clásica gratis | E5: ≈ $6.900 (ingredientes + empaque) | F5: ~6 pedidos, o 4 pedidos + 1 referido
A6: 4 | B6: Leyenda | C6: 4000 | D6: Dos hamburguesas Clásicas gratis | E6: ≈ $13.800 | F6: ~10–12 acciones
A8: La XP mínima debe ir de menor a mayor. Los costos son estimados con los costos del plan recomendado (octubre 2026); el costo de cada recompensa es ~2–6% del margen que dejan los pedidos necesarios para alcanzarla.

Sheet Jugadores
A1: ID | B1: Nombre | C1: Alias público (ranking) | D1: WhatsApp | E1: Instagram | F1: Barrio | G1: Fecha de registro | H1: ¿Mayor de 18? | I1: ¿Autoriza datos? | J1: Referido por (ID) | K1: ¿Empleado o familiar? | L1: XP total | M1: Último movimiento | N1: ¿Compite? | O1: Puesto | P1: Nivel alcanzado | Q1: Nivel entregado | R1: ¿Entregar recompensa? | S1: Clave orden (no tocar)
A2: #0001 | B2: Ejemplo (borrar) | C2: PlayerUno | D2: 3001234567 | E2: @ejemplo | F2: Robledo | G2: 46315.771 | H2: Sí | I2: Sí | K2: No | L2: =IF(A2="","",SUMIF(Movimientos!$B$2:$B$3001,A2,Movimientos!$F$2:$F$3001)) | M2: =IF(A2="","",IF(COUNTIF(Movimientos!$B$2:$B$3001,A2)=0,"",_xlfn.MAXIFS(Movimientos!$A$2:$A$3001,Movimientos!$B$2:$B$3001,A2))) | N2: =IF(A2="","",IF(AND(H2="Sí",I2="Sí",K2<>"Sí"),"Sí","No")) | O2: =IF(S2="","",1+COUNTIFS($N$2:$N$501,"Sí",$S$2:$S$501,">"&S2)) | P2: =IF(A2="","",INDEX(Logros!$A$2:$A$6,MATCH(N(L2),Logros!$C$2:$C$6,1))) | Q2: 1 | R2: =IF(OR(A2="",P2=""),"",IF(P2>N(Q2),"Sí: entregar nivel "&(N(Q2)+1)&IF(P2>N(Q2)+1," al "&P2,"")&" (ver Logros)","")) | S2: =IF(OR(A2="",N2<>"Sí",N(L2)<=0),"",(N(L2)*100000-MAX(0,ROUND((N(M2)-DATE(2026,10,1))*1440,0)))*1000-ROW())
L3: =IF(A3="","",SUMIF(Movimientos!$B$2:$B$3001,A3,Movimientos!$F$2:$F$3001)) | M3: =IF(A3="","",IF(COUNTIF(Movimientos!$B$2:$B$3001,A3)=0,"",_xlfn.MAXIFS(Movimientos!$A$2:$A$3001,Movimientos!$B$2:$B$3001,A3))) | N3: =IF(A3="","",IF(AND(H3="Sí",I3="Sí",K3<>"Sí"),"Sí","No")) | O3: =IF(S3="","",1+COUNTIFS($N$2:$N$501,"Sí",$S$2:$S$501,">"&S3)) | P3: =IF(A3="","",INDEX(Logros!$A$2:$A$6,MATCH(N(L3),Logros!$C$2:$C$6,1))) | R3: =IF(OR(A3="",P3=""),"",IF(P3>N(Q3),"Sí: entregar nivel "&(N(Q3)+1)&IF(P3>N(Q3)+1," al "&P3,"")&" (ver Logros)","")) | S3: =IF(OR(A3="",N3<>"Sí",N(L3)<=0),"",(N(L3)*100000-MAX(0,ROUND((N(M3)-DATE(2026,10,1))*1440,0)))*1000-ROW())
L4: =IF(A4="","",SUMIF(Movimientos!$B$2:$B$3001,A4,Movimientos!$F$2:$F$3001)) | M4: =IF(A4="","",IF(COUNTIF(Movimientos!$B$2:$B$3001,A4)=0,"",_xlfn.MAXIFS(Movimientos!$A$2:$A$3001,Movimientos!$B$2:$B$3001,A4))) | N4: =IF(A4="","",IF(AND(H4="Sí",I4="Sí",K4<>"Sí"),"Sí","No")) | O4: =IF(S4="","",1+COUNTIFS($N$2:$N$501,"Sí",$S$2:$S$501,">"&S4)) | P4: =IF(A4="","",INDEX(Logros!$A$2:$A$6,MATCH(N(L4),Logros!$C$2:$C$6,1))) | R4: =IF(OR(A4="",P4=""),"",IF(P4>N(Q4),"Sí: entregar nivel "&(N(Q4)+1)&IF(P4>N(Q4)+1," al "&P4,"")&" (ver Logros)","")) | S4: =IF(OR(A4="",N4<>"Sí",N(L4)<=0),"",(N(L4)*100000-MAX(0,ROUND((N(M4)-DATE(2026,10,1))*1440,0)))*1000-ROW())
L5: =IF(A5="","",SUMIF(Movimientos!$B$2:$B$3001,A5,Movimientos!$F$2:$F$3001)) | M5: =IF(A5="","",IF(COUNTIF(Movimientos!$B$2:$B$3001,A5)=0,"",_xlfn.MAXIFS(Movimientos!$A$2:$A$3001,Movimientos!$B$2:$B$3001,A5))) | N5: =IF(A5="","",IF(AND(H5="Sí",I5="Sí",K5<>"Sí"),"Sí","No")) | O5: =IF(S5="","",1+COUNTIFS($N$2:$N$501,"Sí",$S$2:$S$501,">"&S5)) | P5: =IF(A5="","",INDEX(Logros!$A$2:$A$6,MATCH(N(L5),Logros!$C$2:$C$6,1))) | R5: =IF(OR(A5="",P5=""),"",IF(P5>N(Q5),"Sí: entregar nivel "&(N(Q5)+1)&IF(P5>N(Q5)+1," al "&P5,"")&" (ver Logros)","")) | S5: =IF(OR(A5="",N5<>"Sí",N(L5)<=0),"",(N(L5)*100000-MAX(0,ROUND((N(M5)-DATE(2026,10,1))*1440,0)))*1000-ROW())
L6: =IF(A6="","",SUMIF(Movimientos!$B$2:$B$3001,A6,Movimientos!$F$2:$F$3001)) | M6: =IF(A6="","",IF(COUNTIF(Movimientos!$B$2:$B$3001,A6)=0,"",_xlfn.MAXIFS(Movimientos!$A$2:$A$3001,Movimientos!$B$2:$B$3001,A6))) | N6: =IF(A6="","",IF(AND(H6="Sí",I6="Sí",K6<>"Sí"),"Sí","No")) | O6: =IF(S6="","",1+COUNTIFS($N$2:$N$501,"Sí",$S$2:$S$501,">"&S6)) | P6: =IF(A6="","",INDEX(Logros!$A$2:$A$6,MATCH(N(L6),Logros!$C$2:$C$6,1))) | R6: =IF(OR(A6="",P6=""),"",IF(P6>N(Q6),"Sí: entregar nivel "&(N(Q6)+1)&IF(P6>N(Q6)+1," al "&P6,"")&" (ver Logros)","")) | S6: =IF(OR(A6="",N6<>"Sí",N(L6)<=0),"",(N(L6)*100000-MAX(0,ROUND((N(M6)-DATE(2026,10,1))*1440,0)))*1000-ROW())
L7: =IF(A7="","",SUMIF(Movimientos!$B$2:$B$3001,A7,Movimientos!$F$2:$F$3001)) | M7: =IF(A7="","",IF(COUNTIF(Movimientos!$B$2:$B$3001,A7)=0,"",_xlfn.MAXIFS(Movimientos!$A$2:$A$3001,Movimientos!$B$2:$B$3001,A7))) | N7: =IF(A7="","",IF(AND(H7="Sí",I7="Sí",K7<>"Sí"),"Sí","No")) | O7: =IF(S7="","",1+COUNTIFS($N$2:$N$501,"Sí",$S$2:$S$501,">"&S7)) | P7: =IF(A7="","",INDEX(Logros!$A$2:$A$6,MATCH(N(L7),Logros!$C$2:$C$6,1))) | R7: =IF(OR(A7="",P7=""),"",IF(P7>N(Q7),"Sí: entregar nivel "&(N(Q7)+1)&IF(P7>N(Q7)+1," al "&P7,"")&" (ver Logros)","")) | S7: =IF(OR(A7="",N7<>"Sí",N(L7)<=0),"",(N(L7)*100000-MAX(0,ROUND((N(M7)-DATE(2026,10,1))*1440,0)))*1000-ROW())
L8: =IF(A8="","",SUMIF(Movimientos!$B$2:$B$3001,A8,Movimientos!$F$2:$F$3001)) | M8: =IF(A8="","",IF(COUNTIF(Movimientos!$B$2:$B$3001,A8)=0,"",_xlfn.MAXIFS(Movimientos!$A$2:$A$3001,Movimientos!$B$2:$B$3001,A8))) | N8: =IF(A8="","",IF(AND(H8="Sí",I8="Sí",K8<>"Sí"),"Sí","No")) | O8: =IF(S8="","",1+COUNTIFS($N$2:$N$501,"Sí",$S$2:$S$501,">"&S8)) | P8: =IF(A8="","",INDEX(Logros!$A$2:$A$6,MATCH(N(L8),Logros!$C$2:$C$6,1))) | R8: =IF(OR(A8="",P8=""),"",IF(P8>N(Q8),"Sí: entregar nivel "&(N(Q8)+1)&IF(P8>N(Q8)+1," al "&P8,"")&" (ver Logros)","")) | S8: =IF(OR(A8="",N8<>"Sí",N(L8)<=0),"",(N(L8)*100000-MAX(0,ROUND((N(M8)-DATE(2026,10,1))*1440,0)))*1000-ROW())
L9: =IF(A9="","",SUMIF(Movimientos!$B$2:$B$3001,A9,Movimientos!$F$2:$F$3001)) | M9: =IF(A9="","",IF(COUNTIF(Movimientos!$B$2:$B$3001,A9)=0,"",_xlfn.MAXIFS(Movimientos!$A$2:$A$3001,Movimientos!$B$2:$B$3001,A9))) | N9: =IF(A9="","",IF(AND(H9="Sí",I9="Sí",K9<>"Sí"),"Sí","No")) | O9: =IF(S9="","",1+COUNTIFS($N$2:$N$501,"Sí",$S$2:$S$501,">"&S9)) | P9: =IF(A9="","",INDEX(Logros!$A$2:$A$6,MATCH(N(L9),Logros!$C$2:$C$6,1))) | R9: =IF(OR(A9="",P9=""),"",IF(P9>N(Q9),"Sí: entregar nivel "&(N(Q9)+1)&IF(P9>N(Q9)+1," al "&P9,"")&" (ver Logros)","")) | S9: =IF(OR(A9="",N9<>"Sí",N(L9)<=0),"",(N(L9)*100000-MAX(0,ROUND((N(M9)-DATE(2026,10,1))*1440,0)))*1000-ROW())
L10: =IF(A10="","",SUMIF(Movimientos!$B$2:$B$3001,A10,Movimientos!$F$2:$F$3001)) | M10: =IF(A10="","",IF(COUNTIF(Movimientos!$B$2:$B$3001,A10)=0,"",_xlfn.MAXIFS(Movimientos!$A$2:$A$3001,Movimientos!$B$2:$B$3001,A10))) | N10: =IF(A10="","",IF(AND(H10="Sí",I10="Sí",K10<>"Sí"),"Sí","No")) | O10: =IF(S10="","",1+COUNTIFS($N$2:$N$501,"Sí",$S$2:$S$501,">"&S10)) | P10: =IF(A10="","",INDEX(Logros!$A$2:$A$6,MATCH(N(L10),Logros!$C$2:$C$6,1))) | R10: =IF(OR(A10="",P10=""),"",IF(P10>N(Q10),"Sí: entregar nivel "&(N(Q10)+1)&IF(P10>N(Q10)+1," al "&P10,"")&" (ver Logros)","")) | S10: =IF(OR(A10="",N10<>"Sí",N(L10)<=0),"",(N(L10)*100000-MAX(0,ROUND((N(M10)-DATE(2026,10,1))*1440,0)))*1000-ROW())
L11: =IF(A11="","",SUMIF(Movimientos!$B$2:$B$3001,A11,Movimientos!$F$2:$F$3001)) | M11: =IF(A11="","",IF(COUNTIF(Movimientos!$B$2:$B$3001,A11)=0,"",_xlfn.MAXIFS(Movimientos!$A$2:$A$3001,Movimientos!$B$2:$B$3001,A11))) | N11: =IF(A11="","",IF(AND(H11="Sí",I11="Sí",K11<>"Sí"),"Sí","No")) | O11: =IF(S11="","",1+COUNTIFS($N$2:$N$501,"Sí",$S$2:$S$501,">"&S11)) | P11: =IF(A11="","",INDEX(Logros!$A$2:$A$6,MATCH(N(L11),Logros!$C$2:$C$6,1))) | R11: =IF(OR(A11="",P11=""),"",IF(P11>N(Q11),"Sí: entregar nivel "&(N(Q11)+1)&IF(P11>N(Q11)+1," al "&P11,"")&" (ver Logros)","")) | S11: =IF(OR(A11="",N11<>"Sí",N(L11)<=0),"",(N(L11)*100000-MAX(0,ROUND((N(M11)-DATE(2026,10,1))*1440,0)))*1000-ROW())
L12: =IF(A12="","",SUMIF(Movimientos!$B$2:$B$3001,A12,Movimientos!$F$2:$F$3001)) | M12: =IF(A12="","",IF(COUNTIF(Movimientos!$B$2:$B$3001,A12)=0,"",_xlfn.MAXIFS(Movimientos!$A$2:$A$3001,Movimientos!$B$2:$B$3001,A12))) | N12: =IF(A12="","",IF(AND(H12="Sí",I12="Sí",K12<>"Sí"),"Sí","No")) | O12: =IF(S12="","",1+COUNTIFS($N$2:$N$501,"Sí",$S$2:$S$501,">"&S12)) | P12: =IF(A12="","",INDEX(Logros!$A$2:$A$6,MATCH(N(L12),Logros!$C$2:$C$6,1))) | R12: =IF(OR(A12="",P12=""),"",IF(P12>N(Q12),"Sí: entregar nivel "&(N(Q12)+1)&IF(P12>N(Q12)+1," al "&P12,"")&" (ver Logros)","")) | S12: =IF(OR(A12="",N12<>"Sí",N(L12)<=0),"",(N(L12)*100000-MAX(0,ROUND((N(M12)-DATE(2026,10,1))*1440,0)))*1000-ROW())
L13: =IF(A13="","",SUMIF(Movimientos!$B$2:$B$3001,A13,Movimientos!$F$2:$F$3001)) | M13: =IF(A13="","",IF(COUNTIF(Movimientos!$B$2:$B$3001,A13)=0,"",_xlfn.MAXIFS(Movimientos!$A$2:$A$3001,Movimientos!$B$2:$B$3001,A13))) | N13: =IF(A13="","",IF(AND(H13="Sí",I13="Sí",K13<>"Sí"),"Sí","No")) | O13: =IF(S13="","",1+COUNTIFS($N$2:$N$501,"Sí",$S$2:$S$501,">"&S13)) | P13: =IF(A13="","",INDEX(Logros!$A$2:$A$6,MATCH(N(L13),Logros!$C$2:$C$6,1))) | R13: =IF(OR(A13="",P13=""),"",IF(P13>N(Q13),"Sí: entregar nivel "&(N(Q13)+1)&IF(P13>N(Q13)+1," al "&P13,"")&" (ver Logros)","")) | S13: =IF(OR(A13="",N13<>"Sí",N(L13)<=0),"",(N(L13)*100000-MAX(0,ROUND((N(M13)-DATE(2026,10,1))*1440,0)))*1000-ROW())
L14: =IF(A14="","",SUMIF(Movimientos!$B$2:$B$3001,A14,Movimientos!$F$2:$F$3001)) | M14: =IF(A14="","",IF(COUNTIF(Movimientos!$B$2:$B$3001,A14)=0,"",_xlfn.MAXIFS(Movimientos!$A$2:$A$3001,Movimientos!$B$2:$B$3001,A14))) | N14: =IF(A14="","",IF(AND(H14="Sí",I14="Sí",K14<>"Sí"),"Sí","No")) | O14: =IF(S14="","",1+COUNTIFS($N$2:$N$501,"Sí",$S$2:$S$501,">"&S14)) | P14: =IF(A14="","",INDEX(Logros!$A$2:$A$6,MATCH(N(L14),Logros!$C$2:$C$6,1))) | R14: =IF(OR(A14="",P14=""),"",IF(P14>N(Q14),"Sí: entregar nivel "&(N(Q14)+1)&IF(P14>N(Q14)+1," al "&P14,"")&" (ver Logros)","")) | S14: =IF(OR(A14="",N14<>"Sí",N(L14)<=0),"",(N(L14)*100000-MAX(0,ROUND((N(M14)-DATE(2026,10,1))*1440,0)))*1000-ROW())
... L501: =IF(A501="","",SUMIF(Movimientos!$B$2:$B$3001,A501,Movimientos!$F$2:$F$3001)) | M501: =IF(A501="","",IF(COUNTIF(Movimientos!$B$2:$B$3001,A501)=0,"",_xlfn.MAXIFS(Movimientos!$A$2:$A$3001,Movimientos!$B$2:$B$3001,A501))) | N501: =IF(A501="","",IF(AND(H501="Sí",I501="Sí",K501<>"Sí"),"Sí","No")) | O501: =IF(S501="","",1+COUNTIFS($N$2:$N$501,"Sí",$S$2:$S$501,">"&S501)) | P501: =IF(A501="","",INDEX(Logros!$A$2:$A$6,MATCH(N(L501),Logros!$C$2:$C$6,1))) | R501: =IF(OR(A501="",P501=""),"",IF(P501>N(Q501),"Sí: entregar nivel "&(N(Q501)+1)&IF(P501>N(Q501)+1," al "&P501,"")&" (ver Logros)","")) | S501: =IF(OR(A501="",N501<>"Sí",N(L501)<=0),"",(N(L501)*100000-MAX(0,ROUND((N(M501)-DATE(2026,10,1))*1440,0)))*1000-ROW())

Sheet Movimientos
A1: Fecha y hora | B1: ID jugador | C1: Alias (automático) | D1: Acción | E1: Cantidad | F1: XP | G1: Registró | H1: Evidencia / nota
A2: 46315.772 | B2: #0001 | C2: =IF(B2="","",IFERROR(INDEX(Jugadores!$C$2:$C$501,MATCH(B2,Jugadores!$A$2:$A$501,0)),"⚠ ID no existe")) | D2: Registro | E2: 1 | F2: =IF(OR(B2="",D2=""),"",IFERROR(INDEX('Tabla XP'!$B$2:$B$12,MATCH(D2,'Tabla XP'!$A$2:$A$12,0))*IF(E2="",1,E2),0)) | G2: Diego | H2: Formulario
A3: 46327.795 | B3: #0001 | C3: =IF(B3="","",IFERROR(INDEX(Jugadores!$C$2:$C$501,MATCH(B3,Jugadores!$A$2:$A$501,0)),"⚠ ID no existe")) | D3: Pedido | E3: 1 | F3: =IF(OR(B3="",D3=""),"",IFERROR(INDEX('Tabla XP'!$B$2:$B$12,MATCH(D3,'Tabla XP'!$A$2:$A$12,0))*IF(E3="",1,E3),0)) | G3: Diego | H3: Ticket 0012
A4: 46327.795 | B4: #0001 | C4: =IF(B4="","",IFERROR(INDEX(Jugadores!$C$2:$C$501,MATCH(B4,Jugadores!$A$2:$A$501,0)),"⚠ ID no existe")) | D4: Hamburguesa adicional en el pedido | E4: 1 | F4: =IF(OR(B4="",D4=""),"",IFERROR(INDEX('Tabla XP'!$B$2:$B$12,MATCH(D4,'Tabla XP'!$A$2:$A$12,0))*IF(E4="",1,E4),0)) | G4: Diego | H4: Ticket 0012
A5: 46327.795 | B5: #0001 | C5: =IF(B5="","",IFERROR(INDEX(Jugadores!$C$2:$C$501,MATCH(B5,Jugadores!$A$2:$A$501,0)),"⚠ ID no existe")) | D5: Bonus Montañera | E5: 1 | F5: =IF(OR(B5="",D5=""),"",IFERROR(INDEX('Tabla XP'!$B$2:$B$12,MATCH(D5,'Tabla XP'!$A$2:$A$12,0))*IF(E5="",1,E5),0)) | G5: Diego | H5: Ticket 0012
C6: =IF(B6="","",IFERROR(INDEX(Jugadores!$C$2:$C$501,MATCH(B6,Jugadores!$A$2:$A$501,0)),"⚠ ID no existe")) | F6: =IF(OR(B6="",D6=""),"",IFERROR(INDEX('Tabla XP'!$B$2:$B$12,MATCH(D6,'Tabla XP'!$A$2:$A$12,0))*IF(E6="",1,E6),0))
C7: =IF(B7="","",IFERROR(INDEX(Jugadores!$C$2:$C$501,MATCH(B7,Jugadores!$A$2:$A$501,0)),"⚠ ID no existe")) | F7: =IF(OR(B7="",D7=""),"",IFERROR(INDEX('Tabla XP'!$B$2:$B$12,MATCH(D7,'Tabla XP'!$A$2:$A$12,0))*IF(E7="",1,E7),0))
C8: =IF(B8="","",IFERROR(INDEX(Jugadores!$C$2:$C$501,MATCH(B8,Jugadores!$A$2:$A$501,0)),"⚠ ID no existe")) | F8: =IF(OR(B8="",D8=""),"",IFERROR(INDEX('Tabla XP'!$B$2:$B$12,MATCH(D8,'Tabla XP'!$A$2:$A$12,0))*IF(E8="",1,E8),0))
C9: =IF(B9="","",IFERROR(INDEX(Jugadores!$C$2:$C$501,MATCH(B9,Jugadores!$A$2:$A$501,0)),"⚠ ID no existe")) | F9: =IF(OR(B9="",D9=""),"",IFERROR(INDEX('Tabla XP'!$B$2:$B$12,MATCH(D9,'Tabla XP'!$A$2:$A$12,0))*IF(E9="",1,E9),0))
C10: =IF(B10="","",IFERROR(INDEX(Jugadores!$C$2:$C$501,MATCH(B10,Jugadores!$A$2:$A$501,0)),"⚠ ID no existe")) | F10: =IF(OR(B10="",D10=""),"",IFERROR(INDEX('Tabla XP'!$B$2:$B$12,MATCH(D10,'Tabla XP'!$A$2:$A$12,0))*IF(E10="",1,E10),0))
C11: =IF(B11="","",IFERROR(INDEX(Jugadores!$C$2:$C$501,MATCH(B11,Jugadores!$A$2:$A$501,0)),"⚠ ID no existe")) | F11: =IF(OR(B11="",D11=""),"",IFERROR(INDEX('Tabla XP'!$B$2:$B$12,MATCH(D11,'Tabla XP'!$A$2:$A$12,0))*IF(E11="",1,E11),0))
C12: =IF(B12="","",IFERROR(INDEX(Jugadores!$C$2:$C$501,MATCH(B12,Jugadores!$A$2:$A$501,0)),"⚠ ID no existe")) | F12: =IF(OR(B12="",D12=""),"",IFERROR(INDEX('Tabla XP'!$B$2:$B$12,MATCH(D12,'Tabla XP'!$A$2:$A$12,0))*IF(E12="",1,E12),0))
C13: =IF(B13="","",IFERROR(INDEX(Jugadores!$C$2:$C$501,MATCH(B13,Jugadores!$A$2:$A$501,0)),"⚠ ID no existe")) | F13: =IF(OR(B13="",D13=""),"",IFERROR(INDEX('Tabla XP'!$B$2:$B$12,MATCH(D13,'Tabla XP'!$A$2:$A$12,0))*IF(E13="",1,E13),0))
C14: =IF(B14="","",IFERROR(INDEX(Jugadores!$C$2:$C$501,MATCH(B14,Jugadores!$A$2:$A$501,0)),"⚠ ID no existe")) | F14: =IF(OR(B14="",D14=""),"",IFERROR(INDEX('Tabla XP'!$B$2:$B$12,MATCH(D14,'Tabla XP'!$A$2:$A$12,0))*IF(E14="",1,E14),0))
C15: =IF(B15="","",IFERROR(INDEX(Jugadores!$C$2:$C$501,MATCH(B15,Jugadores!$A$2:$A$501,0)),"⚠ ID no existe")) | F15: =IF(OR(B15="",D15=""),"",IFERROR(INDEX('Tabla XP'!$B$2:$B$12,MATCH(D15,'Tabla XP'!$A$2:$A$12,0))*IF(E15="",1,E15),0))
C16: =IF(B16="","",IFERROR(INDEX(Jugadores!$C$2:$C$501,MATCH(B16,Jugadores!$A$2:$A$501,0)),"⚠ ID no existe")) | F16: =IF(OR(B16="",D16=""),"",IFERROR(INDEX('Tabla XP'!$B$2:$B$12,MATCH(D16,'Tabla XP'!$A$2:$A$12,0))*IF(E16="",1,E16),0))
C17: =IF(B17="","",IFERROR(INDEX(Jugadores!$C$2:$C$501,MATCH(B17,Jugadores!$A$2:$A$501,0)),"⚠ ID no existe")) | F17: =IF(OR(B17="",D17=""),"",IFERROR(INDEX('Tabla XP'!$B$2:$B$12,MATCH(D17,'Tabla XP'!$A$2:$A$12,0))*IF(E17="",1,E17),0))
... C3001: =IF(B3001="","",IFERROR(INDEX(Jugadores!$C$2:$C$501,MATCH(B3001,Jugadores!$A$2:$A$501,0)),"⚠ ID no existe")) | F3001: =IF(OR(B3001="",D3001=""),"",IFERROR(INDEX('Tabla XP'!$B$2:$B$12,MATCH(D3001,'Tabla XP'!$A$2:$A$12,0))*IF(E3001="",1,E3001),0))

Sheet Mensajes
A1: Momento | B1: Mensaje de WhatsApp (cambia lo que está entre [ ])
A2: Bienvenida (al registrarse) | B2: ¡Misión aceptada, [nombre]! 🎮 Eres el Jugador [#ID] y ya tienes 100 XP. Tu power-up: salsa extra gratis en tu primer pedido. Di tu número de jugador cada vez que pidas para sumar XP. El 19 de noviembre el puesto 1 se lleva GTA VI. ¡Nos vemos en Pixel Burger!
A3: Después de un pedido | B3: +[XP] XP para el Jugador [#ID] 🍔 Ya vas en [total] XP. Te faltan [faltan] XP para tu próxima recompensa: [recompensa].
A4: Nivel desbloqueado | B4: 🏆 ¡Logro desbloqueado! Llegaste a [nivel] y ganaste [recompensa]. Reclámala en tu próximo pedido diciendo tu número de jugador.
A5: Ranking semanal (lunes, a todos) | B5: Ranking de la Misión Pixel 🕹️ Top 3: 1. [alias] · 2. [alias] · 3. [alias]. Quedan [días] días: el 19 de noviembre el puesto 1 se lleva GTA VI. Tú vas en el puesto [puesto] con [XP] XP.
A6: Referido | B6: ¿Tienes amigos con hambre? Que se registren con tu número de jugador [#ID]: cuando hagan su primer pedido, tú ganas 400 XP.
A7: Cierre (18 de noviembre) | B7: ⏳ Última noche de la Misión Pixel. Los pedidos hasta las 23:59 de hoy suman XP. Mañana anunciamos ganadores en el local.

Sheet Formulario
A1: Campo del formulario (Google Forms o Tally) | B1: Tipo | C1: Obligatorio
A2: Nombre completo | B2: Texto corto | C2: Sí
A3: Alias para el ranking (así aparecerás en público) | B3: Texto corto | C3: Sí
A4: Número de WhatsApp | B4: Texto corto (validar 10 dígitos) | C4: Sí
A5: Usuario de Instagram | B5: Texto corto | C5: No
A6: Barrio | B6: Lista: barrios del radio de domicilios + «Otro» | C6: Sí
A7: ¿Te invitó un jugador? Escribe su número de jugador | B7: Texto corto | C7: No
A8: Confirmo que soy mayor de 18 años | B8: Casilla | C8: Sí
A9: Acepto las bases y condiciones de la Misión Pixel [enlace] | B9: Casilla | C9: Sí
A10: Autorizo a Pixel Burger a tratar mis datos personales para gestionar mi participación en la Misión Pixel, enviarme información del reto y promociones por WhatsApp, conforme a la Ley 1581 de 2012. Puedo consultar, actualizar o pedir la eliminación de mis datos escribiendo a [WhatsApp/correo]. | B10: Casilla | C10: Sí
A12: El texto de autorización de datos y las bases deben revisarse con un abogado antes de publicarse.
